{"cameraMode":{"drawMode":0,"name":"Shaded","section":"Shading Mode"},"sceneLighting":true,"audioPlay":false,"sceneViewState":{"m_AlwaysRefresh":false,"showFog":true,"showSkybox":true,"showFlares":true,"showImageEffects":true,"showParticleSystems":true,"showVisualEffectGraphs":true,"m_FxEnabled":true},"in2DMode":false,"pivot":{"x":-0.40045642852783205,"y":-14.66067886352539,"z":2.4273288249969484},"rotation":{"x":0.6998726725578308,"y":0.017136046662926675,"z":-0.016800235956907274,"w":0.7138667106628418},"size":22.720640182495118,"orthographic":false}